date,title,downloads,daily_downloads,last_updated
2026-06-15,Creation 5e5b6dee,122,0,2026-06-15 15:41
2026-06-15,Creation df461cf7,205,0,2026-06-15 15:41
2026-06-15,CASSILIA 39 s POWER FIST,79,12,2026-06-15 15:41
2026-06-15,TownGGs Clothes-Pirate Outfit,3246,8,2026-06-15 23:06
2026-06-15,Watchtower-Chinese-Translation汉化补丁,3922,7,2026-06-15 23:06
2026-06-15,realistic helmet 1st person vision-DLC2 patch,1329,7,2026-06-15 23:06
2026-06-15,TownGGs Clothes-White Dress,1433,2,2026-06-15 23:06
2026-06-15,TGG Cloth-DVA bodysuit,1280,4,2026-06-15 23:06
2026-06-15,McClarence Outfitter Chinese Translation汉化补丁,1431,3,2026-06-15 23:06
2026-06-15,TGGs weapon-Voids Gaze,980,1,2026-06-15 23:06
2026-06-15,Realistic Helmet 1st Vision2.0,611,6,2026-06-15 23:06
2026-06-15,CASSILIA’S SOUL,753,4,2026-06-15 23:06
2026-06-15,Realistic Helmet 1st Vision2.0b,419,8,2026-06-15 23:06
2026-06-15,TGGs weapon-Nova Cleaver,28,0,2026-06-15 23:06
2026-06-15,CASSILIAs POWER FIST,96,15,2026-06-15 23:06
2026-06-15,TGGs Black Lingeria,3933,31,2026-06-15 23:35
2026-06-15,TownGGs Clothes Pirate Outfit,3245,14,2026-06-15 23:35
2026-06-15,Cassilias Old Constellation Uniform,4739,81,2026-06-15 23:35
2026-06-15,TGGs LaceBra,2305,17,2026-06-15 23:35
2026-06-15,Crimson Fleet Combat Robot Greande,3701,3,2026-06-15 23:35
2026-06-15,Watchtower Chinese Translation,3923,7,2026-06-15 23:35
2026-06-15,A Special Crew,2159,8,2026-06-15 23:35
2026-06-15,TGGs Swimsuit 02,1592,14,2026-06-15 23:35
2026-06-15,You can sit on toilets,2684,7,2026-06-15 23:35
2026-06-15,Nebula Protocol Suit,1448,8,2026-06-15 23:35
2026-06-15,realistic helmet 1st person vision DLC2 patch,1331,12,2026-06-15 23:35
2026-06-15,TownGGs Clothes Fashion Skirt,1379,9,2026-06-15 23:35
2026-06-15,THE TERMINUS,1610,12,2026-06-15 23:35
2026-06-15,TownGGs Clothes White Dress,1433,9,2026-06-15 23:35
2026-06-15,TGG Cloth DVA bodysuit,1279,13,2026-06-15 23:35
2026-06-15,TGGs More Toilets,2108,4,2026-06-15 23:35
2026-06-15,TGGs Swimsuit 01,990,8,2026-06-15 23:35
2026-06-15,McClarence Outfitter Chinese Translation,1431,3,2026-06-15 23:35
2026-06-15,TGGs weapon Voids Gaze,980,4,2026-06-15 23:35
2026-06-15,TownGGs Outpost Storage Expansion,746,4,2026-06-15 23:35
2026-06-15,YOU NEED POOP,1269,3,2026-06-15 23:35
2026-06-15,Starborn Power Greande,1197,1,2026-06-15 23:35
2026-06-15,Realistic Helmet 1st Vision2 0,612,11,2026-06-15 23:35
2026-06-15,CASSILIA S SOUL,754,14,2026-06-15 23:35
2026-06-15,Realistic Helmet 1st Vision2 0b,420,11,2026-06-15 23:35
2026-06-15,TGGs Weird Toilets,523,0,2026-06-15 23:35
2026-06-15,TGGs Monster Hunter Bone Great Sword,331,3,2026-06-15 23:35
2026-06-15,TGGs More MapMarkers,200,0,2026-06-15 23:35
2026-06-15,CASSILIAs SOUL(CHINESE),122,0,2026-06-15 23:35
2026-06-15,THE TERMINUS (CHINESE),205,0,2026-06-15 23:35
2026-06-15,realistic helmet 1st person vision,97,1,2026-06-15 23:35
2026-06-15,Starborn Portal,52,0,2026-06-15 23:35
2026-06-15,TGGs weapon Nova Cleaver,28,0,2026-06-15 23:35
2026-06-15,TGGs Madbean,9,1,2026-06-15 23:35
2026-06-15,CASSILIA 's POWER FIST,95,14,2026-06-15 23:35
2026-06-16,TownGGs Clothes-Pirate Outfit,3284,38,2026-06-16 23:07
2026-06-16,Watchtower-Chinese-Translation汉化补丁,3934,12,2026-06-16 23:07
2026-06-16,realistic helmet 1st person vision-DLC2 patch,1359,30,2026-06-16 23:07
2026-06-16,TownGGs Clothes-White Dress,1455,22,2026-06-16 23:07
2026-06-16,TGG Cloth-DVA bodysuit,1350,70,2026-06-16 23:07
2026-06-16,McClarence Outfitter Chinese Translation汉化补丁,1436,5,2026-06-16 23:07
2026-06-16,TGGs weapon-Voids Gaze,990,10,2026-06-16 23:07
2026-06-16,Realistic Helmet 1st Vision2.0,630,19,2026-06-16 23:07
2026-06-16,CASSILIA’S SOUL,787,34,2026-06-16 23:07
2026-06-16,Realistic Helmet 1st Vision2.0b,440,21,2026-06-16 23:07
2026-06-16,TGGs weapon-Nova Cleaver,30,2,2026-06-16 23:07
2026-06-16,CASSILIAs POWER FIST,142,46,2026-06-16 23:07
2026-06-16,CPF-UC Vanguard Power Fist MK2,3,0,2026-06-16 23:07
2026-06-16,TGGs Black Lingeria,4009,87,2026-06-16 23:36
2026-06-16,TownGGs Clothes Pirate Outfit,3284,39,2026-06-16 23:36
2026-06-16,Cassilias Old Constellation Uniform,4972,233,2026-06-16 23:36
2026-06-16,TGGs LaceBra,2359,63,2026-06-16 23:36
2026-06-16,Crimson Fleet Combat Robot Greande,3705,5,2026-06-16 23:36
2026-06-16,Watchtower Chinese Translation,3934,15,2026-06-16 23:36
2026-06-16,A Special Crew,2193,41,2026-06-16 23:36
2026-06-16,TGGs Swimsuit 02,1624,39,2026-06-16 23:36
2026-06-16,You can sit on toilets,2692,13,2026-06-16 23:36
2026-06-16,Nebula Protocol Suit,1489,50,2026-06-16 23:36
2026-06-16,realistic helmet 1st person vision DLC2 patch,1359,28,2026-06-16 23:36
2026-06-16,TownGGs Clothes Fashion Skirt,1399,25,2026-06-16 23:36
2026-06-16,THE TERMINUS,1663,61,2026-06-16 23:36
2026-06-16,TownGGs Clothes White Dress,1455,23,2026-06-16 23:36
2026-06-16,TGG Cloth DVA bodysuit,1350,71,2026-06-16 23:36
2026-06-16,TGGs More Toilets,2109,2,2026-06-16 23:36
2026-06-16,TGGs Swimsuit 01,1012,23,2026-06-16 23:36
2026-06-16,McClarence Outfitter Chinese Translation,1436,5,2026-06-16 23:36
2026-06-16,TGGs weapon Voids Gaze,990,10,2026-06-16 23:36
2026-06-16,TownGGs Outpost Storage Expansion,757,17,2026-06-16 23:36
2026-06-16,YOU NEED POOP,1272,3,2026-06-16 23:36
2026-06-16,Starborn Power Greande,1200,4,2026-06-16 23:36
2026-06-16,Realistic Helmet 1st Vision2 0,630,18,2026-06-16 23:36
2026-06-16,CASSILIA S SOUL,788,39,2026-06-16 23:36
2026-06-16,Realistic Helmet 1st Vision2 0b,440,22,2026-06-16 23:36
2026-06-16,TGGs Weird Toilets,524,1,2026-06-16 23:36
2026-06-16,TGGs Monster Hunter Bone Great Sword,343,13,2026-06-16 23:36
2026-06-16,TGGs More MapMarkers,208,8,2026-06-16 23:36
2026-06-16,CASSILIAs SOUL(CHINESE),122,0,2026-06-16 23:36
2026-06-16,THE TERMINUS (CHINESE),205,0,2026-06-16 23:36
2026-06-16,realistic helmet 1st person vision,97,0,2026-06-16 23:36
2026-06-16,Starborn Portal,52,0,2026-06-16 23:36
2026-06-16,TGGs weapon Nova Cleaver,30,2,2026-06-16 23:36
2026-06-16,TGGs Madbean,9,0,2026-06-16 23:36
2026-06-16,CASSILIA 's POWER FIST,142,50,2026-06-16 23:36
2026-06-16,CPF UC Vanguard Power Fist MK2,3,0,2026-06-16 23:36
2026-06-17,CPF-UC Vanguard Power Fist MK2,5,2,2026-06-17 06:36
2026-06-17,Starfield Creations - Featured,2219,0,2026-06-17 19:07
2026-06-17,TownGGs Clothes-Pirate Outfit,3319,35,2026-06-17 23:07
2026-06-17,Watchtower-Chinese-Translation汉化补丁,3940,6,2026-06-17 23:07
2026-06-17,realistic helmet 1st person vision-DLC2 patch,1372,13,2026-06-17 23:07
2026-06-17,TownGGs Clothes-White Dress,1478,23,2026-06-17 23:07
2026-06-17,TGG Cloth-DVA bodysuit,1391,41,2026-06-17 23:07
2026-06-17,McClarence Outfitter Chinese Translation汉化补丁,1440,4,2026-06-17 23:07
2026-06-17,TGGs weapon-Voids Gaze,1000,10,2026-06-17 23:07
2026-06-17,Realistic Helmet 1st Vision2.0,647,17,2026-06-17 23:07
2026-06-17,CASSILIA’S SOUL,825,38,2026-06-17 23:07
2026-06-17,Realistic Helmet 1st Vision2.0b,449,9,2026-06-17 23:07
2026-06-17,TGGs weapon-Nova Cleaver,30,0,2026-06-17 23:07
2026-06-17,CASSILIAs POWER FIST,195,53,2026-06-17 23:07
2026-06-17,UC VANGUARD POWER FIST MK2,5,0,2026-06-17 23:07
2026-06-17,CPF-VANGUARD POWER FIST MK2,28,25,2026-06-17 23:07
2026-06-17,CPF STARBORN POWER FIST UNITY,11,4,2026-06-17 23:07
2026-06-17,TGGs Black Lingeria,4095,86,2026-06-17 23:36
2026-06-17,TownGGs Clothes Pirate Outfit,3320,36,2026-06-17 23:36
2026-06-17,Cassilias Old Constellation Uniform,5176,204,2026-06-17 23:36
2026-06-17,TGGs LaceBra,2398,39,2026-06-17 23:36
2026-06-17,Crimson Fleet Combat Robot Greande,3712,7,2026-06-17 23:36
2026-06-17,Watchtower Chinese Translation,3940,6,2026-06-17 23:36
2026-06-17,A Special Crew,2227,34,2026-06-17 23:36
2026-06-17,TGGs Swimsuit 02,1646,22,2026-06-17 23:36
2026-06-17,You can sit on toilets,2703,11,2026-06-17 23:36
2026-06-17,Nebula Protocol Suit,1535,46,2026-06-17 23:36
2026-06-17,realistic helmet 1st person vision DLC2 patch,1372,13,2026-06-17 23:36
2026-06-17,TownGGs Clothes Fashion Skirt,1410,11,2026-06-17 23:36
2026-06-17,THE TERMINUS,1713,50,2026-06-17 23:36
2026-06-17,TownGGs Clothes White Dress,1479,24,2026-06-17 23:36
2026-06-17,TGG Cloth DVA bodysuit,1392,42,2026-06-17 23:36
2026-06-17,TGGs More Toilets,2113,4,2026-06-17 23:36
2026-06-17,TGGs Swimsuit 01,1024,12,2026-06-17 23:36
2026-06-17,McClarence Outfitter Chinese Translation,1440,4,2026-06-17 23:36
2026-06-17,TGGs weapon Voids Gaze,1000,10,2026-06-17 23:36
2026-06-17,TownGGs Outpost Storage Expansion,767,10,2026-06-17 23:36
2026-06-17,YOU NEED POOP,1279,7,2026-06-17 23:36
2026-06-17,Starborn Power Greande,1205,5,2026-06-17 23:36
2026-06-17,Realistic Helmet 1st Vision2 0,648,18,2026-06-17 23:36
2026-06-17,CASSILIA S SOUL,827,39,2026-06-17 23:36
2026-06-17,Realistic Helmet 1st Vision2 0b,449,9,2026-06-17 23:36
2026-06-17,TGGs Weird Toilets,528,4,2026-06-17 23:36
2026-06-17,TGGs Monster Hunter Bone Great Sword,356,13,2026-06-17 23:36
2026-06-17,TGGs More MapMarkers,212,4,2026-06-17 23:36
2026-06-17,CASSILIAs SOUL(CHINESE),124,2,2026-06-17 23:36
2026-06-17,THE TERMINUS (CHINESE),207,2,2026-06-17 23:36
2026-06-17,realistic helmet 1st person vision,97,0,2026-06-17 23:36
2026-06-17,Starborn Portal,52,0,2026-06-17 23:36
2026-06-17,TGGs weapon Nova Cleaver,30,0,2026-06-17 23:36
2026-06-17,TGGs Madbean,9,0,2026-06-17 23:36
2026-06-17,CASSILIA 's POWER FIST,196,54,2026-06-17 23:36
2026-06-17,CPF UC Vanguard Power Fist MK2,5,2,2026-06-17 23:36
2026-06-17,CPF VANGUARD POWER FIST MK2,28,8,2026-06-17 23:36
2026-06-17,CPF-STARBORN POWER FIST UNITY,22,17,2026-06-17 23:36
2026-06-18,UC VANGUARD POWER FIST MK2,6,1,2026-06-18 07:07
2026-06-18,CPF UC Vanguard Power Fist MK2,6,1,2026-06-18 07:36
2026-06-18,TownGGs Clothes-Pirate Outfit,3358,39,2026-06-18 23:19
2026-06-18,Watchtower-Chinese-Translation汉化补丁,3948,8,2026-06-18 23:19
2026-06-18,realistic helmet 1st person vision-DLC2 patch,1390,18,2026-06-18 23:19
2026-06-18,TownGGs Clothes-White Dress,1488,10,2026-06-18 23:19
2026-06-18,TGG Cloth-DVA bodysuit,1438,47,2026-06-18 23:19
2026-06-18,McClarence Outfitter Chinese Translation汉化补丁,1443,3,2026-06-18 23:19
2026-06-18,TGGs weapon-Voids Gaze,1019,19,2026-06-18 23:19
2026-06-18,Realistic Helmet 1st Vision2.0,672,25,2026-06-18 23:19
2026-06-18,CASSILIA’S SOUL,865,40,2026-06-18 23:19
2026-06-18,Realistic Helmet 1st Vision2.0b,466,17,2026-06-18 23:19
2026-06-18,TGGs weapon-Nova Cleaver,30,0,2026-06-18 23:19
2026-06-18,CASSILIAs POWER FIST,284,89,2026-06-18 23:19
2026-06-18,Starfield Creations - Featured,6,0,2026-06-18 23:19
2026-06-18,CPF-VANGUARD POWER FIST MK2,98,70,2026-06-18 23:19
2026-06-18,CPF STARBORN POWER FIST UNITY,140,129,2026-06-18 23:19
2026-06-18,TGGs Black Lingeria,4161,66,2026-06-18 23:49
2026-06-18,TownGGs Clothes Pirate Outfit,3358,38,2026-06-18 23:49
2026-06-18,Cassilias Old Constellation Uniform,5375,199,2026-06-18 23:49
2026-06-18,TGGs LaceBra,2422,24,2026-06-18 23:49
2026-06-18,Crimson Fleet Combat Robot Greande,3720,8,2026-06-18 23:49
2026-06-18,Watchtower Chinese Translation,3948,8,2026-06-18 23:49
2026-06-18,A Special Crew,2270,43,2026-06-18 23:49
2026-06-18,TGGs Swimsuit 02,1664,18,2026-06-18 23:49
2026-06-18,You can sit on toilets,2716,13,2026-06-18 23:49
2026-06-18,Nebula Protocol Suit,1561,26,2026-06-18 23:49
2026-06-18,realistic helmet 1st person vision DLC2 patch,1390,18,2026-06-18 23:49
2026-06-18,TownGGs Clothes Fashion Skirt,1418,8,2026-06-18 23:49
2026-06-18,THE TERMINUS,1775,62,2026-06-18 23:49
2026-06-18,TownGGs Clothes White Dress,1488,9,2026-06-18 23:49
2026-06-18,TGG Cloth DVA bodysuit,1438,46,2026-06-18 23:49
2026-06-18,TGGs More Toilets,2126,13,2026-06-18 23:49
2026-06-18,TGGs Swimsuit 01,1037,13,2026-06-18 23:49
2026-06-18,McClarence Outfitter Chinese Translation,1443,3,2026-06-18 23:49
2026-06-18,TGGs weapon Voids Gaze,1019,19,2026-06-18 23:49
2026-06-18,TownGGs Outpost Storage Expansion,775,8,2026-06-18 23:49
2026-06-18,YOU NEED POOP,1285,6,2026-06-18 23:49
2026-06-18,Starborn Power Greande,1214,9,2026-06-18 23:49
2026-06-18,Realistic Helmet 1st Vision2 0,672,24,2026-06-18 23:49
2026-06-18,CASSILIA S SOUL,865,38,2026-06-18 23:49
2026-06-18,Realistic Helmet 1st Vision2 0b,466,17,2026-06-18 23:49
2026-06-18,TGGs Weird Toilets,532,4,2026-06-18 23:49
2026-06-18,TGGs Monster Hunter Bone Great Sword,366,10,2026-06-18 23:49
2026-06-18,TGGs More MapMarkers,218,6,2026-06-18 23:49
2026-06-18,CASSILIAs SOUL(CHINESE),127,3,2026-06-18 23:49
2026-06-18,THE TERMINUS (CHINESE),207,0,2026-06-18 23:49
2026-06-18,realistic helmet 1st person vision,97,0,2026-06-18 23:49
2026-06-18,Starborn Portal,52,0,2026-06-18 23:49
2026-06-18,TGGs weapon Nova Cleaver,30,0,2026-06-18 23:49
2026-06-18,TGGs Madbean,9,0,2026-06-18 23:49
2026-06-18,CASSILIA 's POWER FIST,284,88,2026-06-18 23:49
2026-06-18,featured,6,0,2026-06-18 23:49
2026-06-18,CPF VANGUARD POWER FIST MK2,98,70,2026-06-18 23:49
2026-06-18,CPF-STARBORN POWER FIST UNITY,140,118,2026-06-18 23:49
2026-06-19,TownGGs Clothes Pirate Outfit,3406,48,2026-06-19 23:07
2026-06-19,Watchtower Chinese Translation,3959,11,2026-06-19 23:07
2026-06-19,realistic helmet 1st person vision DLC2 patch,1409,19,2026-06-19 23:07
2026-06-19,TownGGs Clothes White Dress,1508,20,2026-06-19 23:07
2026-06-19,TGG Cloth DVA bodysuit,1490,52,2026-06-19 23:07
2026-06-19,McClarence Outfitter Chinese Translation,1446,3,2026-06-19 23:07
2026-06-19,TGGs weapon Voids Gaze,1028,9,2026-06-19 23:07
2026-06-19,Realistic Helmet 1st Vision2 0,701,29,2026-06-19 23:07
2026-06-19,CASSILIA S SOUL,919,54,2026-06-19 23:07
2026-06-19,Realistic Helmet 1st Vision2 0b,484,18,2026-06-19 23:07
2026-06-19,TGGs weapon Nova Cleaver,31,1,2026-06-19 23:07
2026-06-19,CASSILIA 's POWER FIST,349,65,2026-06-19 23:07
2026-06-19,featured,6,0,2026-06-19 23:07
2026-06-19,CPF VANGUARD POWER FIST MK2,139,41,2026-06-19 23:07
2026-06-19,CPF-STARBORN POWER FIST UNITY,221,81,2026-06-19 23:07
2026-06-19,CPF STARBORN POWER FIST OMEGA,42,37,2026-06-19 23:07
2026-06-19,CPF-CRIMSON FLEET POWER FIST HELLHOUND,17,9,2026-06-19 23:07
2026-06-19,TGGs Black Lingeria,4208,47,2026-06-19 23:37
2026-06-19,TownGGs Clothes-Pirate Outfit,3406,48,2026-06-19 23:37
2026-06-19,Cassilias Old Constellation Uniform,5597,222,2026-06-19 23:37
2026-06-19,TGGs LaceBra,2453,31,2026-06-19 23:37
2026-06-19,Crimson Fleet Combat Robot Greande,3728,8,2026-06-19 23:37
2026-06-19,Watchtower-Chinese-Translation汉化补丁,3960,12,2026-06-19 23:37
2026-06-19,A Special Crew,2308,38,2026-06-19 23:37
2026-06-19,TGGs Swimsuit 02,1681,17,2026-06-19 23:37
2026-06-19,You can sit on toilets,2724,8,2026-06-19 23:37
2026-06-19,Nebula Protocol Suit,1593,32,2026-06-19 23:37
2026-06-19,realistic helmet 1st person vision-DLC2 patch,1410,20,2026-06-19 23:37
2026-06-19,TownGGs Clothes Fashion Skirt,1429,11,2026-06-19 23:37
2026-06-19,THE TERMINUS,1826,51,2026-06-19 23:37
2026-06-19,TownGGs Clothes-White Dress,1508,20,2026-06-19 23:37
2026-06-19,TGG Cloth-DVA bodysuit,1491,53,2026-06-19 23:37
2026-06-19,TGGs More Toilets,2130,4,2026-06-19 23:37
2026-06-19,TGGs Swimsuit 01,1047,10,2026-06-19 23:37
2026-06-19,McClarence Outfitter Chinese Translation汉化补丁,1446,3,2026-06-19 23:37
2026-06-19,TGGs weapon-Voids Gaze,1028,9,2026-06-19 23:37
2026-06-19,TownGGs Outpost Storage Expansion,786,11,2026-06-19 23:37
2026-06-19,YOU NEED POOP,1288,3,2026-06-19 23:37
2026-06-19,Starborn Power Greande,1217,3,2026-06-19 23:37
2026-06-19,Realistic Helmet 1st Vision2.0,702,30,2026-06-19 23:37
2026-06-19,CASSILIA’S SOUL,920,55,2026-06-19 23:37
2026-06-19,Realistic Helmet 1st Vision2.0b,484,18,2026-06-19 23:37
2026-06-19,TGGs Weird Toilets,534,2,2026-06-19 23:37
2026-06-19,TGGs Monster Hunter Bone Great Sword,376,10,2026-06-19 23:37
2026-06-19,TGGs More MapMarkers,221,3,2026-06-19 23:37
2026-06-19,CASSILIAs SOUL(CHINESE),133,6,2026-06-19 23:37
2026-06-19,THE TERMINUS (CHINESE),222,15,2026-06-19 23:37
2026-06-19,realistic helmet 1st person vision,97,0,2026-06-19 23:37
2026-06-19,Starborn Portal,52,0,2026-06-19 23:37
2026-06-19,TGGs weapon-Nova Cleaver,31,1,2026-06-19 23:37
2026-06-19,TGGs Madbean,9,0,2026-06-19 23:37
2026-06-19,CASSILIAs POWER FIST,349,65,2026-06-19 23:37
2026-06-19,Starfield Creations - Featured,6,0,2026-06-19 23:37
2026-06-19,CPF-VANGUARD POWER FIST MK2,139,41,2026-06-19 23:37
2026-06-19,CPF STARBORN POWER FIST UNITY,226,86,2026-06-19 23:37
2026-06-19,CPF-STARBORN POWER FIST OMEGA,42,38,2026-06-19 23:37
2026-06-19,CPF CRIMSON FLEET POWER FIST HELLHOUND,18,5,2026-06-19 23:37
2026-06-20,TownGGs Clothes-Pirate Outfit,3445,39,2026-06-20 23:07
2026-06-20,Watchtower-Chinese-Translation汉化补丁,3971,11,2026-06-20 23:07
2026-06-20,realistic helmet 1st person vision-DLC2 patch,1419,9,2026-06-20 23:07
2026-06-20,TownGGs Clothes-White Dress,1525,17,2026-06-20 23:07
2026-06-20,TGG Cloth-DVA bodysuit,1540,49,2026-06-20 23:07
2026-06-20,McClarence Outfitter Chinese Translation汉化补丁,1448,2,2026-06-20 23:07
2026-06-20,TGGs weapon-Voids Gaze,1038,10,2026-06-20 23:07
2026-06-20,Realistic Helmet 1st Vision2.0,718,16,2026-06-20 23:07
2026-06-20,CASSILIA’S SOUL,976,56,2026-06-20 23:07
2026-06-20,Realistic Helmet 1st Vision2.0b,490,6,2026-06-20 23:07
2026-06-20,TGGs weapon-Nova Cleaver,32,1,2026-06-20 23:07
2026-06-20,CASSILIAs POWER FIST,433,84,2026-06-20 23:07
2026-06-20,Starfield Creations - Featured,6,0,2026-06-20 23:07
2026-06-20,CPF-VANGUARD POWER FIST MK2,188,49,2026-06-20 23:07
2026-06-20,CPF STARBORN POWER FIST UNITY,292,66,2026-06-20 23:07
2026-06-20,CPF-STARBORN POWER FIST OMEGA,119,77,2026-06-20 23:07
2026-06-20,CPF CRIMSON FLEET POWER FIST HELLHOUND,60,42,2026-06-20 23:07
2026-06-20,TGGs Black Lingeria,4283,75,2026-06-20 23:43
2026-06-20,TownGGs Clothes Pirate Outfit,3448,42,2026-06-20 23:43
2026-06-20,Cassilias Old Constellation Uniform,5825,228,2026-06-20 23:43
2026-06-20,TGGs LaceBra,2491,38,2026-06-20 23:43
2026-06-20,Crimson Fleet Combat Robot Greande,3733,5,2026-06-20 23:43
2026-06-20,Watchtower Chinese Translation,3971,12,2026-06-20 23:43
2026-06-20,A Special Crew,2339,31,2026-06-20 23:43
2026-06-20,TGGs Swimsuit 02,1709,28,2026-06-20 23:43
2026-06-20,You can sit on toilets,2734,10,2026-06-20 23:43
2026-06-20,Nebula Protocol Suit,1629,36,2026-06-20 23:43
2026-06-20,realistic helmet 1st person vision DLC2 patch,1419,10,2026-06-20 23:43
2026-06-20,TownGGs Clothes Fashion Skirt,1442,13,2026-06-20 23:43
2026-06-20,THE TERMINUS,1881,55,2026-06-20 23:43
2026-06-20,TownGGs Clothes White Dress,1525,17,2026-06-20 23:43
2026-06-20,TGG Cloth DVA bodysuit,1542,52,2026-06-20 23:43
2026-06-20,TGGs More Toilets,2140,10,2026-06-20 23:43
2026-06-20,TGGs Swimsuit 01,1067,20,2026-06-20 23:43
2026-06-20,McClarence Outfitter Chinese Translation,1448,2,2026-06-20 23:43
2026-06-20,TGGs weapon Voids Gaze,1038,10,2026-06-20 23:43
2026-06-20,TownGGs Outpost Storage Expansion,800,14,2026-06-20 23:43
2026-06-20,YOU NEED POOP,1294,6,2026-06-20 23:43
2026-06-20,Starborn Power Greande,1226,9,2026-06-20 23:43
2026-06-20,Realistic Helmet 1st Vision2 0,718,17,2026-06-20 23:43
2026-06-20,CASSILIA S SOUL,976,57,2026-06-20 23:43
2026-06-20,Realistic Helmet 1st Vision2 0b,490,6,2026-06-20 23:43
2026-06-20,TGGs Weird Toilets,537,3,2026-06-20 23:43
2026-06-20,TGGs Monster Hunter Bone Great Sword,390,14,2026-06-20 23:43
2026-06-20,TGGs More MapMarkers,227,6,2026-06-20 23:43
2026-06-20,CASSILIAs SOUL(CHINESE),138,5,2026-06-20 23:43
2026-06-20,THE TERMINUS (CHINESE),227,5,2026-06-20 23:43
2026-06-20,realistic helmet 1st person vision,97,0,2026-06-20 23:43
2026-06-20,Starborn Portal,52,0,2026-06-20 23:43
2026-06-20,TGGs weapon Nova Cleaver,32,1,2026-06-20 23:43
2026-06-20,TGGs Madbean,9,0,2026-06-20 23:43
2026-06-20,CASSILIA 's POWER FIST,433,84,2026-06-20 23:43
2026-06-20,featured,6,0,2026-06-20 23:43
2026-06-20,CPF VANGUARD POWER FIST MK2,188,49,2026-06-20 23:43
2026-06-20,CPF-STARBORN POWER FIST UNITY,292,71,2026-06-20 23:43
2026-06-20,CPF STARBORN POWER FIST OMEGA,119,77,2026-06-20 23:43
2026-06-20,CPF-CRIMSON FLEET POWER FIST HELLHOUND,60,43,2026-06-20 23:43
2026-06-21,TownGGs Clothes-Pirate Outfit,3503,58,2026-06-21 23:06
2026-06-21,Watchtower-Chinese-Translation汉化补丁,3977,6,2026-06-21 23:06
2026-06-21,realistic helmet 1st person vision-DLC2 patch,1431,12,2026-06-21 23:06
2026-06-21,TownGGs Clothes-White Dress,1544,19,2026-06-21 23:06
2026-06-21,TGG Cloth-DVA bodysuit,1610,70,2026-06-21 23:06
2026-06-21,McClarence Outfitter Chinese Translation汉化补丁,1452,4,2026-06-21 23:06
2026-06-21,TGGs weapon-Voids Gaze,1064,26,2026-06-21 23:06
2026-06-21,Realistic Helmet 1st Vision2.0,742,24,2026-06-21 23:06
2026-06-21,CASSILIA’S SOUL,1031,55,2026-06-21 23:06
2026-06-21,Realistic Helmet 1st Vision2.0b,502,12,2026-06-21 23:06
2026-06-21,TGGs weapon-Nova Cleaver,32,0,2026-06-21 23:06
2026-06-21,CASSILIAs POWER FIST,517,84,2026-06-21 23:06
2026-06-21,Starfield Creations - Featured,6,0,2026-06-21 23:06
2026-06-21,CPF-VANGUARD POWER FIST MK2,221,33,2026-06-21 23:06
2026-06-21,CPF STARBORN POWER FIST UNITY,378,86,2026-06-21 23:06
2026-06-21,CPF-STARBORN POWER FIST OMEGA,160,41,2026-06-21 23:06
2026-06-21,CPF CRIMSON FLEET POWER FIST HELLHOUND,104,44,2026-06-21 23:06
2026-06-21,TGGs Black Lingeria,4359,76,2026-06-21 23:36
2026-06-21,TownGGs Clothes Pirate Outfit,3503,55,2026-06-21 23:36
2026-06-21,Cassilias Old Constellation Uniform,6064,239,2026-06-21 23:36
2026-06-21,TGGs LaceBra,2535,44,2026-06-21 23:36
2026-06-21,Crimson Fleet Combat Robot Greande,3741,8,2026-06-21 23:36
2026-06-21,Watchtower Chinese Translation,3977,6,2026-06-21 23:36
2026-06-21,A Special Crew,2375,36,2026-06-21 23:36
2026-06-21,TGGs Swimsuit 02,1740,31,2026-06-21 23:36
2026-06-21,You can sit on toilets,2743,9,2026-06-21 23:36
2026-06-21,Nebula Protocol Suit,1668,39,2026-06-21 23:36
2026-06-21,realistic helmet 1st person vision DLC2 patch,1431,12,2026-06-21 23:36
2026-06-21,TownGGs Clothes Fashion Skirt,1458,16,2026-06-21 23:36
2026-06-21,THE TERMINUS,1932,51,2026-06-21 23:36
2026-06-21,TownGGs Clothes White Dress,1544,19,2026-06-21 23:36
2026-06-21,TGG Cloth DVA bodysuit,1610,68,2026-06-21 23:36
2026-06-21,TGGs More Toilets,2151,11,2026-06-21 23:36
2026-06-21,TGGs Swimsuit 01,1086,19,2026-06-21 23:36
2026-06-21,McClarence Outfitter Chinese Translation,1452,4,2026-06-21 23:36
2026-06-21,TGGs weapon Voids Gaze,1064,26,2026-06-21 23:36
2026-06-21,TownGGs Outpost Storage Expansion,810,10,2026-06-21 23:36
2026-06-21,YOU NEED POOP,1303,9,2026-06-21 23:36
2026-06-21,Starborn Power Greande,1236,10,2026-06-21 23:36
2026-06-21,Realistic Helmet 1st Vision2 0,744,26,2026-06-21 23:36
2026-06-21,CASSILIA S SOUL,1031,55,2026-06-21 23:36
2026-06-21,Realistic Helmet 1st Vision2 0b,502,12,2026-06-21 23:36
2026-06-21,TGGs Weird Toilets,539,2,2026-06-21 23:36
2026-06-21,TGGs Monster Hunter Bone Great Sword,416,26,2026-06-21 23:36
2026-06-21,TGGs More MapMarkers,234,7,2026-06-21 23:36
2026-06-21,CASSILIAs SOUL(CHINESE),143,5,2026-06-21 23:36
2026-06-21,THE TERMINUS (CHINESE),230,3,2026-06-21 23:36
2026-06-21,realistic helmet 1st person vision,97,0,2026-06-21 23:36
2026-06-21,Starborn Portal,52,0,2026-06-21 23:36
2026-06-21,TGGs weapon Nova Cleaver,32,0,2026-06-21 23:36
2026-06-21,TGGs Madbean,9,0,2026-06-21 23:36
2026-06-21,CASSILIA 's POWER FIST,520,87,2026-06-21 23:36
2026-06-21,featured,6,0,2026-06-21 23:36
2026-06-21,CPF VANGUARD POWER FIST MK2,224,36,2026-06-21 23:36
2026-06-21,CPF-STARBORN POWER FIST UNITY,378,86,2026-06-21 23:36
2026-06-21,CPF STARBORN POWER FIST OMEGA,160,41,2026-06-21 23:36
2026-06-21,CPF-CRIMSON FLEET POWER FIST HELLHOUND,104,44,2026-06-21 23:36
2026-06-22,TownGGs Clothes Pirate Outfit,3558,55,2026-06-22 23:06
2026-06-22,Watchtower Chinese Translation,3983,6,2026-06-22 23:06
2026-06-22,realistic helmet 1st person vision DLC2 patch,1450,19,2026-06-22 23:06
2026-06-22,TownGGs Clothes White Dress,1570,26,2026-06-22 23:06
2026-06-22,TGG Cloth DVA bodysuit,1668,58,2026-06-22 23:06
2026-06-22,McClarence Outfitter Chinese Translation,1457,5,2026-06-22 23:06
2026-06-22,TGGs weapon Voids Gaze,1071,7,2026-06-22 23:06
2026-06-22,Realistic Helmet 1st Vision2 0,759,15,2026-06-22 23:06
2026-06-22,CASSILIA S SOUL,1063,32,2026-06-22 23:06
2026-06-22,Realistic Helmet 1st Vision2 0b,506,4,2026-06-22 23:06
2026-06-22,TGGs weapon Nova Cleaver,32,0,2026-06-22 23:06
2026-06-22,CASSILIA 's POWER FIST,576,56,2026-06-22 23:06
2026-06-22,featured,6,0,2026-06-22 23:06
2026-06-22,CPF VANGUARD POWER FIST MK2,253,29,2026-06-22 23:06
2026-06-22,CPF-STARBORN POWER FIST UNITY,418,40,2026-06-22 23:06
2026-06-22,CPF STARBORN POWER FIST OMEGA,188,28,2026-06-22 23:06
2026-06-22,CPF-CRIMSON FLEET POWER FIST HELLHOUND,139,35,2026-06-22 23:06
2026-06-22,TGGs Black Lingeria,4416,57,2026-06-22 23:36
2026-06-22,TownGGs Clothes-Pirate Outfit,3558,55,2026-06-22 23:36
2026-06-22,Cassilias Old Constellation Uniform,6272,208,2026-06-22 23:36
2026-06-22,TGGs LaceBra,2572,37,2026-06-22 23:36
2026-06-22,Crimson Fleet Combat Robot Greande,3749,8,2026-06-22 23:36
2026-06-22,Watchtower-Chinese-Translation汉化补丁,3983,6,2026-06-22 23:36
2026-06-22,A Special Crew,2402,27,2026-06-22 23:36
2026-06-22,TGGs Swimsuit 02,1767,27,2026-06-22 23:36
2026-06-22,You can sit on toilets,2753,10,2026-06-22 23:36
2026-06-22,Nebula Protocol Suit,1704,36,2026-06-22 23:36
2026-06-22,realistic helmet 1st person vision-DLC2 patch,1450,19,2026-06-22 23:36
2026-06-22,TownGGs Clothes Fashion Skirt,1474,16,2026-06-22 23:36
2026-06-22,THE TERMINUS,1967,35,2026-06-22 23:36
2026-06-22,TownGGs Clothes-White Dress,1570,26,2026-06-22 23:36
2026-06-22,TGG Cloth-DVA bodysuit,1669,59,2026-06-22 23:36
2026-06-22,TGGs More Toilets,2159,8,2026-06-22 23:36
2026-06-22,TGGs Swimsuit 01,1103,17,2026-06-22 23:36
2026-06-22,McClarence Outfitter Chinese Translation汉化补丁,1457,5,2026-06-22 23:36
2026-06-22,TGGs weapon-Voids Gaze,1071,7,2026-06-22 23:36
2026-06-22,TownGGs Outpost Storage Expansion,813,3,2026-06-22 23:36
2026-06-22,YOU NEED POOP,1308,5,2026-06-22 23:36
2026-06-22,Starborn Power Greande,1241,5,2026-06-22 23:36
2026-06-22,Realistic Helmet 1st Vision2.0,759,17,2026-06-22 23:36
2026-06-22,CASSILIA’S SOUL,1063,32,2026-06-22 23:36
2026-06-22,Realistic Helmet 1st Vision2.0b,506,4,2026-06-22 23:36
2026-06-22,TGGs Weird Toilets,540,1,2026-06-22 23:36
2026-06-22,TGGs Monster Hunter Bone Great Sword,425,9,2026-06-22 23:36
2026-06-22,TGGs More MapMarkers,238,4,2026-06-22 23:36
2026-06-22,CASSILIAs SOUL(CHINESE),143,0,2026-06-22 23:36
2026-06-22,THE TERMINUS (CHINESE),231,1,2026-06-22 23:36
2026-06-22,realistic helmet 1st person vision,97,0,2026-06-22 23:36
2026-06-22,Starborn Portal,52,0,2026-06-22 23:36
2026-06-22,TGGs weapon-Nova Cleaver,32,0,2026-06-22 23:36
2026-06-22,TGGs Madbean,9,0,2026-06-22 23:36
2026-06-22,CASSILIAs POWER FIST,578,61,2026-06-22 23:36
2026-06-22,Starfield Creations - Featured,6,0,2026-06-22 23:36
2026-06-22,CPF-VANGUARD POWER FIST MK2,253,32,2026-06-22 23:36
2026-06-22,CPF STARBORN POWER FIST UNITY,418,40,2026-06-22 23:36
2026-06-22,CPF-STARBORN POWER FIST OMEGA,188,28,2026-06-22 23:36
2026-06-22,CPF CRIMSON FLEET POWER FIST HELLHOUND,140,36,2026-06-22 23:36
2026-06-22,CASSILIAs Trainning Dummy,4,0,2026-06-22 23:36
2026-06-23,CASSILIAs Trainning Dummy,4,0,2026-06-23 09:08
2026-06-23,TownGGs Clothes Pirate Outfit,3600,42,2026-06-23 23:06
2026-06-23,Watchtower Chinese Translation,3985,2,2026-06-23 23:06
2026-06-23,realistic helmet 1st person vision DLC2 patch,1464,14,2026-06-23 23:06
2026-06-23,TownGGs Clothes White Dress,1595,25,2026-06-23 23:06
2026-06-23,TGG Cloth DVA bodysuit,1704,36,2026-06-23 23:06
2026-06-23,McClarence Outfitter Chinese Translation,1459,2,2026-06-23 23:06
2026-06-23,TGGs weapon Voids Gaze,1081,10,2026-06-23 23:06
2026-06-23,Realistic Helmet 1st Vision2 0,775,16,2026-06-23 23:06
2026-06-23,CASSILIA S SOUL,1098,35,2026-06-23 23:06
2026-06-23,Realistic Helmet 1st Vision2 0b,513,7,2026-06-23 23:06
2026-06-23,TGGs weapon Nova Cleaver,32,0,2026-06-23 23:06
2026-06-23,CASSILIA 's POWER FIST,618,42,2026-06-23 23:06
2026-06-23,CPF VANGUARD POWER FIST MK2,279,26,2026-06-23 23:06
2026-06-23,CPF-STARBORN POWER FIST UNITY,456,38,2026-06-23 23:06
2026-06-23,CPF STARBORN POWER FIST OMEGA,213,25,2026-06-23 23:06
2026-06-23,CPF-CRIMSON FLEET POWER FIST HELLHOUND,170,31,2026-06-23 23:06
2026-06-23,Cassilia’s trainning dummy,73,51,2026-06-23 23:06
2026-06-23,TGGs Black Lingeria,4484,68,2026-06-23 23:37
2026-06-23,TownGGs Clothes-Pirate Outfit,3600,42,2026-06-23 23:37
2026-06-23,Cassilias Old Constellation Uniform,6452,180,2026-06-23 23:37
2026-06-23,TGGs LaceBra,2595,23,2026-06-23 23:37
2026-06-23,Crimson Fleet Combat Robot Greande,3754,5,2026-06-23 23:37
2026-06-23,Watchtower-Chinese-Translation汉化补丁,3986,3,2026-06-23 23:37
2026-06-23,A Special Crew,2435,33,2026-06-23 23:37
2026-06-23,TGGs Swimsuit 02,1792,25,2026-06-23 23:37
2026-06-23,You can sit on toilets,2758,5,2026-06-23 23:37
2026-06-23,Nebula Protocol Suit,1726,22,2026-06-23 23:37
2026-06-23,realistic helmet 1st person vision-DLC2 patch,1464,14,2026-06-23 23:37
2026-06-23,TownGGs Clothes Fashion Skirt,1483,9,2026-06-23 23:37
2026-06-23,THE TERMINUS,2012,45,2026-06-23 23:37
2026-06-23,TownGGs Clothes-White Dress,1595,25,2026-06-23 23:37
2026-06-23,TGG Cloth-DVA bodysuit,1705,36,2026-06-23 23:37
2026-06-23,TGGs More Toilets,2160,1,2026-06-23 23:37
2026-06-23,TGGs Swimsuit 01,1112,9,2026-06-23 23:37
2026-06-23,McClarence Outfitter Chinese Translation汉化补丁,1459,2,2026-06-23 23:37
2026-06-23,TGGs weapon-Voids Gaze,1081,10,2026-06-23 23:37
2026-06-23,TownGGs Outpost Storage Expansion,824,11,2026-06-23 23:37
2026-06-23,YOU NEED POOP,1310,2,2026-06-23 23:37
2026-06-23,Starborn Power Greande,1244,3,2026-06-23 23:37
2026-06-23,Realistic Helmet 1st Vision2.0,775,16,2026-06-23 23:37
2026-06-23,CASSILIA’S SOUL,1099,36,2026-06-23 23:37
2026-06-23,Realistic Helmet 1st Vision2.0b,513,7,2026-06-23 23:37
2026-06-23,TGGs Weird Toilets,542,2,2026-06-23 23:37
2026-06-23,TGGs Monster Hunter Bone Great Sword,438,13,2026-06-23 23:37
2026-06-23,TGGs More MapMarkers,248,10,2026-06-23 23:37
2026-06-23,CASSILIAs SOUL(CHINESE),145,2,2026-06-23 23:37
2026-06-23,THE TERMINUS (CHINESE),235,4,2026-06-23 23:37
2026-06-23,realistic helmet 1st person vision,97,0,2026-06-23 23:37
2026-06-23,Starborn Portal,53,1,2026-06-23 23:37
2026-06-23,TGGs weapon-Nova Cleaver,32,0,2026-06-23 23:37
2026-06-23,TGGs Madbean,9,0,2026-06-23 23:37
2026-06-23,CASSILIAs POWER FIST,619,41,2026-06-23 23:37
2026-06-23,Starfield Creations - Featured,6,32,2026-06-23 23:37
2026-06-23,CPF-VANGUARD POWER FIST MK2,281,28,2026-06-23 23:37
2026-06-23,CPF STARBORN POWER FIST UNITY,456,38,2026-06-23 23:37
2026-06-23,CPF-STARBORN POWER FIST OMEGA,214,26,2026-06-23 23:37
2026-06-23,CPF CRIMSON FLEET POWER FIST HELLHOUND,170,30,2026-06-23 23:37
2026-06-23,featured,4,30,2026-06-23 23:37
2026-06-23,Cassilia s trainning dummy,73,0,2026-06-23 23:37
2026-06-24,TownGGs Clothes Pirate Outfit,3633,33,2026-06-24 23:19
2026-06-24,Watchtower Chinese Translation,3997,12,2026-06-24 23:19
2026-06-24,realistic helmet 1st person vision DLC2 patch,1471,7,2026-06-24 23:19
2026-06-24,TownGGs Clothes White Dress,1611,16,2026-06-24 23:19
2026-06-24,TGG Cloth DVA bodysuit,1738,34,2026-06-24 23:19
2026-06-24,McClarence Outfitter Chinese Translation,1464,5,2026-06-24 23:19
2026-06-24,TGGs weapon Voids Gaze,1088,7,2026-06-24 23:19
2026-06-24,Realistic Helmet 1st Vision2 0,788,13,2026-06-24 23:19
2026-06-24,CASSILIA S SOUL,1120,22,2026-06-24 23:19
2026-06-24,Realistic Helmet 1st Vision2 0b,520,7,2026-06-24 23:19
2026-06-24,TGGs weapon Nova Cleaver,32,0,2026-06-24 23:19
2026-06-24,CASSILIA 's POWER FIST,658,40,2026-06-24 23:19
2026-06-24,CPF VANGUARD POWER FIST MK2,298,19,2026-06-24 23:19
2026-06-24,CPF-STARBORN POWER FIST UNITY,473,17,2026-06-24 23:19
2026-06-24,CPF STARBORN POWER FIST OMEGA,233,20,2026-06-24 23:19
2026-06-24,CPF-CRIMSON FLEET POWER FIST HELLHOUND,187,17,2026-06-24 23:19
2026-06-24,Cassilia’s trainning dummy,73,0,2026-06-24 23:19
2026-06-24,TGGs Black Lingeria,4541,57,2026-06-24 23:49
2026-06-24,TownGGs Clothes-Pirate Outfit,3633,33,2026-06-24 23:49
2026-06-24,Cassilias Old Constellation Uniform,6609,157,2026-06-24 23:49
2026-06-24,TGGs LaceBra,2629,34,2026-06-24 23:49
2026-06-24,Crimson Fleet Combat Robot Greande,3761,7,2026-06-24 23:49
2026-06-24,Watchtower-Chinese-Translation汉化补丁,3997,11,2026-06-24 23:49
2026-06-24,A Special Crew,2452,17,2026-06-24 23:49
2026-06-24,TGGs Swimsuit 02,1814,22,2026-06-24 23:49
2026-06-24,You can sit on toilets,2764,6,2026-06-24 23:49
2026-06-24,Nebula Protocol Suit,1760,34,2026-06-24 23:49
2026-06-24,realistic helmet 1st person vision-DLC2 patch,1471,7,2026-06-24 23:49
2026-06-24,TownGGs Clothes Fashion Skirt,1499,16,2026-06-24 23:49
2026-06-24,THE TERMINUS,2045,33,2026-06-24 23:49
2026-06-24,TownGGs Clothes-White Dress,1611,16,2026-06-24 23:49
2026-06-24,TGG Cloth-DVA bodysuit,1738,33,2026-06-24 23:49
2026-06-24,TGGs More Toilets,2164,4,2026-06-24 23:49
2026-06-24,TGGs Swimsuit 01,1127,15,2026-06-24 23:49
2026-06-24,McClarence Outfitter Chinese Translation汉化补丁,1464,5,2026-06-24 23:49
2026-06-24,TGGs weapon-Voids Gaze,1088,7,2026-06-24 23:49
2026-06-24,TownGGs Outpost Storage Expansion,837,13,2026-06-24 23:49
2026-06-24,YOU NEED POOP,1315,5,2026-06-24 23:49
2026-06-24,Starborn Power Greande,1251,7,2026-06-24 23:49
2026-06-24,Realistic Helmet 1st Vision2.0,788,13,2026-06-24 23:49
2026-06-24,CASSILIA’S SOUL,1120,21,2026-06-24 23:49
2026-06-24,Realistic Helmet 1st Vision2.0b,520,7,2026-06-24 23:49
2026-06-24,TGGs Weird Toilets,548,6,2026-06-24 23:49
2026-06-24,TGGs Monster Hunter Bone Great Sword,452,14,2026-06-24 23:49
2026-06-24,TGGs More MapMarkers,267,19,2026-06-24 23:49
2026-06-24,CASSILIAs SOUL(CHINESE),148,3,2026-06-24 23:49
2026-06-24,THE TERMINUS (CHINESE),238,3,2026-06-24 23:49
2026-06-24,realistic helmet 1st person vision,97,0,2026-06-24 23:49
2026-06-24,Starborn Portal,56,3,2026-06-24 23:49
2026-06-24,TGGs weapon-Nova Cleaver,32,0,2026-06-24 23:49
2026-06-24,TGGs Madbean,9,0,2026-06-24 23:49
2026-06-24,CASSILIAs POWER FIST,658,39,2026-06-24 23:49
2026-06-24,Starfield Creations - Featured,6,38,2026-06-24 23:49
2026-06-24,CPF-VANGUARD POWER FIST MK2,298,17,2026-06-24 23:49
2026-06-24,CPF STARBORN POWER FIST UNITY,473,17,2026-06-24 23:49
2026-06-24,CPF-STARBORN POWER FIST OMEGA,233,19,2026-06-24 23:49
2026-06-24,CPF CRIMSON FLEET POWER FIST HELLHOUND,187,17,2026-06-24 23:49
2026-06-24,featured,4,38,2026-06-24 23:49
2026-06-24,Cassilia s trainning dummy,73,0,2026-06-24 23:49
2026-06-25,TownGGs Clothes-Pirate Outfit,3675,42,2026-06-25 23:06
2026-06-25,Watchtower-Chinese-Translation汉化补丁,4006,9,2026-06-25 23:06
2026-06-25,realistic helmet 1st person vision-DLC2 patch,1482,11,2026-06-25 23:06
2026-06-25,TownGGs Clothes-White Dress,1630,19,2026-06-25 23:06
2026-06-25,TGG Cloth-DVA bodysuit,1791,53,2026-06-25 23:06
2026-06-25,McClarence Outfitter Chinese Translation汉化补丁,1467,3,2026-06-25 23:06
2026-06-25,TGGs weapon-Voids Gaze,1101,13,2026-06-25 23:06
2026-06-25,Realistic Helmet 1st Vision2.0,805,17,2026-06-25 23:06
2026-06-25,CASSILIA’S SOUL,1154,34,2026-06-25 23:06
2026-06-25,Realistic Helmet 1st Vision2.0b,532,12,2026-06-25 23:06
2026-06-25,TGGs weapon-Nova Cleaver,32,0,2026-06-25 23:06
2026-06-25,CASSILIAs POWER FIST,711,53,2026-06-25 23:06
2026-06-25,CPF-VANGUARD POWER FIST MK2,326,28,2026-06-25 23:06
2026-06-25,CPF STARBORN POWER FIST UNITY,508,35,2026-06-25 23:06
2026-06-25,CPF-STARBORN POWER FIST OMEGA,264,31,2026-06-25 23:06
2026-06-25,CPF CRIMSON FLEET POWER FIST HELLHOUND,206,19,2026-06-25 23:06
2026-06-25,Cassilia s trainning dummy,15,2,2026-06-25 23:06
2026-06-25,TGGs Black Lingeria,4618,77,2026-06-25 23:37
2026-06-25,TownGGs Clothes Pirate Outfit,3676,43,2026-06-25 23:37
2026-06-25,Cassilias Old Constellation Uniform,6794,185,2026-06-25 23:37
2026-06-25,TGGs LaceBra,2663,34,2026-06-25 23:37
2026-06-25,Crimson Fleet Combat Robot Greande,3767,6,2026-06-25 23:37
2026-06-25,Watchtower Chinese Translation,4006,9,2026-06-25 23:37
2026-06-25,A Special Crew,2479,27,2026-06-25 23:37
2026-06-25,TGGs Swimsuit 02,1845,31,2026-06-25 23:37
2026-06-25,You can sit on toilets,2775,11,2026-06-25 23:37
2026-06-25,Nebula Protocol Suit,1803,43,2026-06-25 23:37
2026-06-25,realistic helmet 1st person vision DLC2 patch,1482,11,2026-06-25 23:37
2026-06-25,TownGGs Clothes Fashion Skirt,1520,21,2026-06-25 23:37
2026-06-25,THE TERMINUS,2083,38,2026-06-25 23:37
2026-06-25,TownGGs Clothes White Dress,1630,19,2026-06-25 23:37
2026-06-25,TGG Cloth DVA bodysuit,1792,54,2026-06-25 23:37
2026-06-25,TGGs More Toilets,2166,2,2026-06-25 23:37
2026-06-25,TGGs Swimsuit 01,1145,18,2026-06-25 23:37
2026-06-25,McClarence Outfitter Chinese Translation,1467,3,2026-06-25 23:37
2026-06-25,TGGs weapon Voids Gaze,1101,13,2026-06-25 23:37
2026-06-25,TownGGs Outpost Storage Expansion,845,8,2026-06-25 23:37
2026-06-25,YOU NEED POOP,1319,4,2026-06-25 23:37
2026-06-25,Starborn Power Greande,1257,6,2026-06-25 23:37
2026-06-25,Realistic Helmet 1st Vision2 0,806,18,2026-06-25 23:37
2026-06-25,CASSILIA S SOUL,1155,35,2026-06-25 23:37
2026-06-25,Realistic Helmet 1st Vision2 0b,532,12,2026-06-25 23:37
2026-06-25,TGGs Weird Toilets,551,3,2026-06-25 23:37
2026-06-25,TGGs Monster Hunter Bone Great Sword,464,12,2026-06-25 23:37
2026-06-25,TGGs More MapMarkers,278,11,2026-06-25 23:37
2026-06-25,CASSILIAs SOUL(CHINESE),152,4,2026-06-25 23:37
2026-06-25,THE TERMINUS (CHINESE),240,2,2026-06-25 23:37
2026-06-25,realistic helmet 1st person vision,97,0,2026-06-25 23:37
2026-06-25,Starborn Portal,60,4,2026-06-25 23:37
2026-06-25,TGGs weapon Nova Cleaver,32,0,2026-06-25 23:37
2026-06-25,TGGs Madbean,9,0,2026-06-25 23:37
2026-06-25,CASSILIA 's POWER FIST,713,55,2026-06-25 23:37
2026-06-25,featured,6,50,2026-06-25 23:37
2026-06-25,CPF VANGUARD POWER FIST MK2,326,28,2026-06-25 23:37
2026-06-25,CPF-STARBORN POWER FIST UNITY,509,36,2026-06-25 23:37
2026-06-25,CPF STARBORN POWER FIST OMEGA,265,32,2026-06-25 23:37
2026-06-25,CPF-CRIMSON FLEET POWER FIST HELLHOUND,206,19,2026-06-25 23:37
2026-06-25,Starfield Creations - Featured,4,48,2026-06-25 23:37
2026-06-25,Cassilia’s trainning dummy,14,3,2026-06-25 23:37
2026-06-26,TownGGs Clothes Pirate Outfit,3694,18,2026-06-26 10:09
2026-06-26,Watchtower Chinese Translation,4006,0,2026-06-26 10:09
2026-06-26,realistic helmet 1st person vision DLC2 patch,1488,6,2026-06-26 10:09
2026-06-26,TownGGs Clothes White Dress,1633,3,2026-06-26 10:09
2026-06-26,TGG Cloth DVA bodysuit,1819,27,2026-06-26 10:09
2026-06-26,McClarence Outfitter Chinese Translation,1467,0,2026-06-26 10:09
2026-06-26,TGGs weapon Voids Gaze,1104,3,2026-06-26 10:09
2026-06-26,Realistic Helmet 1st Vision2 0,817,11,2026-06-26 10:09
2026-06-26,CASSILIA S SOUL,1168,13,2026-06-26 10:09
2026-06-26,Realistic Helmet 1st Vision2 0b,537,5,2026-06-26 10:09
2026-06-26,TGGs weapon Nova Cleaver,32,0,2026-06-26 10:09
2026-06-26,CASSILIA 's POWER FIST,737,24,2026-06-26 10:09
2026-06-26,CPF VANGUARD POWER FIST MK2,342,16,2026-06-26 10:09
2026-06-26,CPF-STARBORN POWER FIST UNITY,526,17,2026-06-26 10:09
2026-06-26,CPF STARBORN POWER FIST OMEGA,277,12,2026-06-26 10:09
2026-06-26,CPF-CRIMSON FLEET POWER FIST HELLHOUND,216,10,2026-06-26 10:09
2026-06-26,Cassilia’s trainning dummy,17,3,2026-06-26 10:09
2026-06-26,TGGs Black Lingeria,4648,30,2026-06-26 10:37
2026-06-26,TownGGs Clothes-Pirate Outfit,3697,22,2026-06-26 10:37
2026-06-26,Cassilias Old Constellation Uniform,6879,85,2026-06-26 10:37
2026-06-26,TGGs LaceBra,2681,18,2026-06-26 10:37
2026-06-26,Crimson Fleet Combat Robot Greande,3775,8,2026-06-26 10:37
2026-06-26,Watchtower-Chinese-Translation汉化补丁,4007,1,2026-06-26 10:37
2026-06-26,A Special Crew,2487,8,2026-06-26 10:37
2026-06-26,TGGs Swimsuit 02,1856,11,2026-06-26 10:37
2026-06-26,You can sit on toilets,2780,5,2026-06-26 10:37
2026-06-26,Nebula Protocol Suit,1825,22,2026-06-26 10:37
2026-06-26,realistic helmet 1st person vision-DLC2 patch,1488,6,2026-06-26 10:37
2026-06-26,TownGGs Clothes Fashion Skirt,1527,7,2026-06-26 10:37
2026-06-26,THE TERMINUS,2098,15,2026-06-26 10:37
2026-06-26,TownGGs Clothes-White Dress,1634,4,2026-06-26 10:37
2026-06-26,TGG Cloth-DVA bodysuit,1819,28,2026-06-26 10:37
2026-06-26,TGGs More Toilets,2166,0,2026-06-26 10:37
2026-06-26,TGGs Swimsuit 01,1157,12,2026-06-26 10:37
2026-06-26,McClarence Outfitter Chinese Translation汉化补丁,1467,0,2026-06-26 10:37
2026-06-26,TGGs weapon-Voids Gaze,1104,3,2026-06-26 10:37
2026-06-26,TownGGs Outpost Storage Expansion,847,2,2026-06-26 10:37
2026-06-26,YOU NEED POOP,1319,0,2026-06-26 10:37
2026-06-26,Starborn Power Greande,1258,1,2026-06-26 10:37
2026-06-26,Realistic Helmet 1st Vision2.0,817,12,2026-06-26 10:37
2026-06-26,CASSILIA’S SOUL,1168,14,2026-06-26 10:37
2026-06-26,Realistic Helmet 1st Vision2.0b,537,5,2026-06-26 10:37
2026-06-26,TGGs Weird Toilets,551,0,2026-06-26 10:37
2026-06-26,TGGs Monster Hunter Bone Great Sword,464,0,2026-06-26 10:37
2026-06-26,TGGs More MapMarkers,285,7,2026-06-26 10:37
2026-06-26,CASSILIAs SOUL(CHINESE),152,0,2026-06-26 10:37
2026-06-26,THE TERMINUS (CHINESE),240,0,2026-06-26 10:37
2026-06-26,realistic helmet 1st person vision,97,0,2026-06-26 10:37
2026-06-26,Starborn Portal,60,0,2026-06-26 10:37
2026-06-26,TGGs weapon-Nova Cleaver,32,0,2026-06-26 10:37
2026-06-26,TGGs Madbean,9,0,2026-06-26 10:37
2026-06-26,CASSILIAs POWER FIST,737,26,2026-06-26 10:37
2026-06-26,Starfield Creations - Featured,6,20,2026-06-26 10:37
2026-06-26,CPF-VANGUARD POWER FIST MK2,342,16,2026-06-26 10:37
2026-06-26,CPF STARBORN POWER FIST UNITY,526,18,2026-06-26 10:37
2026-06-26,CPF-STARBORN POWER FIST OMEGA,277,13,2026-06-26 10:37
2026-06-26,CPF CRIMSON FLEET POWER FIST HELLHOUND,216,10,2026-06-26 10:37
2026-06-26,featured,4,18,2026-06-26 10:37
2026-06-26,Cassilia s trainning dummy,17,2,2026-06-26 10:37
